,label,sensor1,sensor2,sensor3,sensor4,sensor5,sensor6,sensor7,sensor8
0,0,7334.74,10289.86,6836.5,11421.58,10170.22,6656.62,12224.76,11317.72
1,0,7410.4,10290.14,6878.52,11360.3,10124.86,6582.5,12243.58,11285.22
2,0,7287.16,10232.46,6886.88,11395.14,10078.22,6584.96,12286.42,11301.62
3,0,7315.64,10230.14,6967.86,11405.72,10105.54,6613.42,12310.44,11337.46
4,0,6485.7,9958.92,6122.24,11279.28,10085.46,6034.38,12218.66,11102.12
5,0,5821.48,9921.54,5522.64,11279.1,10071.94,5849.32,12205.6,11080.86
6,0,6742.78,10308.54,5959.64,11348.2,10111.88,6435.98,12566.9,11349.16
7,0,7661.6,11048.26,7407.1,11773.14,10935.92,7369.68,13097.22,11996.06
8,0,7766.22,11148.32,7823.48,11840.02,11009.92,7554.86,13134.92,11992.4
9,0,7776.56,11158.94,7750.48,11854.32,10937.28,7513.16,13141.52,11897.3
10,0,7660.92,11004.92,7564.34,11815.46,10808.14,7333.3,13151.44,11814.98
11,0,7617.08,11025.9,7540.96,11828.8,10784.78,7337.7,13148.78,11820.76
12,0,7582.04,10919.92,7490.3,11825,10763.18,7280.44,13115.7,11813.12
13,0,7583.56,10931.4,7521.46,11843.52,10742.88,7303.98,13107.28,11814.58
14,0,7421.32,10658.86,7422.28,11740.94,10415.38,7318.48,12995.38,11652.96
15,0,7429.12,10586.9,7339.84,11703.6,10284.56,7203.72,12855.8,11592.22
16,0,7462.58,10616.88,7352.96,11699.7,10400.88,7201.62,12869.2,11627.02
17,0,7457.52,10605.36,7366.38,11693.54,10302.9,7168.04,12833.6,11628.2
18,0,7248.34,10532.76,7353.42,11678.28,10275.32,7137.38,12815.88,11600.02
19,0,7248.54,10521.7,7356.06,11668.18,10112.34,7064.58,12815.4,11603.78
20,0,7307.24,10619.72,7292.5,11687.06,10264.84,7145.74,12833.36,11633.58
21,0,7421.5,10631.4,7382.62,11698.14,10231.64,7160.84,12833.14,11637.7
22,0,7446.22,10618.24,7403.78,11707.56,10284.56,7215.48,12859.28,11649.82
23,0,7445.72,10630.26,7364.18,11706.32,10105.48,7163.76,12848.56,11591.66
24,0,7469.84,10615.82,7225.52,11682.24,10104.9,7044.32,12865.54,11503.96
25,0,7451.52,10628.64,7274.84,11672.22,10043,6897.92,12847.12,11388.12
26,0,7451.52,10628.64,7274.84,11672.22,10043,6897.92,12847.12,11388.12
27,0,7373.82,10499.3,7108.4,11544.14,9685.46,6527.68,12799.28,11136.22
28,0,7373.82,10499.3,7108.4,11544.14,9685.46,6527.68,12799.28,11136.22
29,0,7502.3,10640.1,7237.4,11571.1,9879.96,6611.8,12813.26,11254.2
30,0,7502.3,10640.1,7237.4,11571.1,9879.96,6611.8,12813.26,11254.2
31,0,7400.22,10646.68,7310.82,11600.24,10001.4,6900.7,12827.54,11285.72
32,0,7400.22,10646.68,7310.82,11600.24,10001.4,6900.7,12827.54,11285.72
33,0,7413.88,10626.12,7314.12,11607.1,10013.92,6921.24,12811.7,11280.72
34,0,7413.88,10626.12,7314.12,11607.1,10013.92,6921.24,12811.7,11280.72
35,0,7207.22,10410.68,7200.32,11562.7,9669.4,6323.78,12793.16,11067.08
36,0,7207.22,10410.68,7200.32,11562.7,9669.4,6323.78,12793.16,11067.08
37,0,7033.88,10279.74,7098.04,11553.16,9443.26,6088.28,12755.66,10843.68
38,0,7033.88,10279.74,7098.04,11553.16,9443.26,6088.28,12755.66,10843.68
39,0,7064.24,10207.76,7117.14,11555.78,9299.14,6169,12761.84,10883.34
40,0,7064.24,10207.76,7117.14,11555.78,9299.14,6169,12761.84,10883.34
41,0,6776.54,10068.36,7192.24,11573.68,9047.46,5750.32,12774.88,10608.42
42,0,6610.28,9901.34,7235.86,11556.9,9086.24,5875.28,12768.46,10585.46
43,0,6610.28,9901.34,7235.86,11556.9,9086.24,5875.28,12768.46,10585.46
44,0,6736.04,9811,7160.58,11564.68,9198.32,5811.02,12782.3,10561.86
45,0,6736.04,9811,7160.58,11564.68,9198.32,5811.02,12782.3,10561.86
46,0,6787.78,9797.74,7278.36,11679.92,9232.52,6058.58,12780.96,10667.4
47,0,6787.78,9797.74,7278.36,11679.92,9232.52,6058.58,12780.96,10667.4
48,0,6782.86,9670.08,7219.74,11595.84,9249.08,6021.58,12730.48,10635.48
49,0,6782.86,9670.08,7219.74,11595.84,9249.08,6021.58,12730.48,10635.48
50,0,6453.18,9294.7,6835.42,11494.96,9138.88,5857,12541.48,10444.14
51,0,6453.18,9294.7,6835.42,11494.96,9138.88,5857,12541.48,10444.14
52,0,6243.02,9365.6,6439.04,11444.02,8833.24,5610.64,12461.32,10377.92
53,0,6243.02,9365.6,6439.04,11444.02,8833.24,5610.64,12461.32,10377.92
54,0,6281.4,9281.08,6413.5,11431.52,9160.24,6070.44,12365.44,10631.22
55,0,6281.4,9281.08,6413.5,11431.52,9160.24,6070.44,12365.44,10631.22
56,0,6534.82,9398.8,6510.54,11448.54,9215.72,6531.84,12251.54,10637.98
57,0,6534.82,9398.8,6510.54,11448.54,9215.72,6531.84,12251.54,10637.98
58,0,6347.08,9275.82,6644.3,11434.44,9311.08,6473.08,12199.58,10731.8
59,0,6347.08,9275.82,6644.3,11434.44,9311.08,6473.08,12199.58,10731.8
60,0,6370.74,9612.22,6808.9,11443.38,9361.46,6351.84,12253.58,10807.28
61,0,6370.74,9612.22,6808.9,11443.38,9361.46,6351.84,12253.58,10807.28
62,0,6167.88,9624.66,6993.02,11409.22,9360.22,6445.98,12220.88,10789.24
63,0,6167.88,9624.66,6993.02,11409.22,9360.22,6445.98,12220.88,10789.24
64,0,5930.66,9510.36,6802.7,11409.22,9275.24,6077.82,12207.82,10693.88
65,0,5930.66,9510.36,6802.7,11409.22,9275.24,6077.82,12207.82,10693.88
66,0,5992.96,9486.08,6506.24,11419.5,9243.6,6158.56,12208.86,10675.34
67,0,5992.96,9486.08,6506.24,11419.5,9243.6,6158.56,12208.86,10675.34
68,0,5774.2,9392.42,6534.5,11416.34,9172.74,5916.02,12187.84,10578.72
69,0,5774.2,9392.42,6534.5,11416.34,9172.74,5916.02,12187.84,10578.72
70,0,5549.12,9356.34,6449.5,11398.1,9134.04,5440.36,12185.8,10568.8
71,0,5853.7,9315.7,6424.42,11401.72,9154.14,5893.9,12206.06,10641.68
72,0,5853.7,9315.7,6424.42,11401.72,9154.14,5893.9,12206.06,10641.68
73,0,5712.56,9218.88,6349.68,11361.7,9034.6,5712.1,12200.78,10553.44
74,0,5712.56,9218.88,6349.68,11361.7,9034.6,5712.1,12200.78,10553.44
75,0,5524.22,9182.4,6320.24,11356.9,9011.8,5303.6,12188.54,10458.26
76,0,5524.22,9182.4,6320.24,11356.9,9011.8,5303.6,12188.54,10458.26
77,0,5592.7,9121.82,6088,11344.3,9024.4,5527.54,12183.28,10462.74
78,0,5592.7,9121.82,6088,11344.3,9024.4,5527.54,12183.28,10462.74
79,0,5591.64,9007.42,6125.44,11326.04,9039.18,5267.28,12124.7,10418.6
80,0,5591.64,9007.42,6125.44,11326.04,9039.18,5267.28,12124.7,10418.6
81,0,5487.04,8927.66,5855.84,11320.2,9090.64,5684,12045.8,10353.54
82,0,5487.04,8927.66,5855.84,11320.2,9090.64,5684,12045.8,10353.54
83,0,5628.3,8945.64,6004.08,11304.68,9087.48,5617.94,12035.02,10353.32
84,0,5628.3,8945.64,6004.08,11304.68,9087.48,5617.94,12035.02,10353.32
85,0,5562.3,8953.5,5994.32,11283.82,9093.02,5524.76,11977.12,10378.5
86,0,5562.3,8953.5,5994.32,11283.82,9093.02,5524.76,11977.12,10378.5
87,0,5540.08,8917.94,5780.66,11247.52,9112.24,5903.1,12001.82,10416.34
88,0,5540.08,8917.94,5780.66,11247.52,9112.24,5903.1,12001.82,10416.34
89,0,5678.44,8990.28,5803.88,11245.42,9109.92,5717.08,12023.22,10442.52
90,0,5678.44,8990.28,5803.88,11245.42,9109.92,5717.08,12023.22,10442.52
91,0,5645.86,8942.92,5973.2,11107.06,9230.02,5560.74,12107.66,10392.88
92,0,5645.86,8942.92,5973.2,11107.06,9230.02,5560.74,12107.66,10392.88
93,0,6002.08,9127.46,6094.68,11180.78,9233.62,5901.64,12177.96,10482.06
94,0,6002.08,9127.46,6094.68,11180.78,9233.62,5901.64,12177.96,10482.06
95,0,6075.44,9286.72,6213.24,11236.02,9250.34,5815.78,12214.06,10541.38
96,0,6075.44,9286.72,6213.24,11236.02,9250.34,5815.78,12214.06,10541.38
97,0,6132.98,9353.44,6305.62,11255.08,9277.42,5946.88,12235.04,10546.24
98,0,6039.66,9366.2,6332.24,11236.94,9271.06,5700.9,12235.44,10540.62
99,0,6039.66,9366.2,6332.24,11236.94,9271.06,5700.9,12235.44,10540.62
100,0,6157.16,9357.94,6378.3,11247.76,9305.86,5966.66,12236.72,10598.44
101,0,6157.16,9357.94,6378.3,11247.76,9305.86,5966.66,12236.72,10598.44
102,0,6157.16,9357.94,6378.3,11247.76,9305.86,5966.66,12236.72,10598.44
103,1,9755.68,12334.26,11628.76,12555.3,6777.1,11625.02,14426.56,10761.02
104,1,9847.3,12332.46,11720.86,12583.18,6762.7,11662.82,14427.46,10811.54
105,1,10128,12516.58,11873.82,12761.08,7288.68,11640.3,14433.42,11110.2
106,1,10348.76,12636.32,11972.78,12806.6,7514.04,11790.08,14461.48,11420.36
107,1,10445.46,12580.46,12018.9,12780.92,7526.76,11622.26,14448.36,11326.3
108,1,10378.6,12550.74,11960.4,12697.92,7634.72,11539.28,14444.74,11300.68
109,1,10383.7,12600.14,12001.08,12748.3,7627.06,11526.12,14444.86,11438.6
110,1,10460.26,12644.16,12056.62,12859.02,7859.86,11615.26,14489.46,11598.96
111,1,10600.94,12742.48,12075.68,12981.24,8143.44,11712.2,14492.38,11706.26
112,1,10674.3,12745.94,12095.52,13068.38,8259.88,11755.6,14523.36,11847.2
113,1,10718.4,12839.04,12122.74,13086.12,8215.54,11787.28,14538.64,11867.6
114,1,10811.6,12903.94,12148.02,13107.06,8291.28,11847.64,14543.68,11965.2
115,1,10797.28,12951.04,12147.48,13157.12,8332.84,11901.54,14557.66,11986.38
116,1,10898.78,13004.94,12168.36,13223.22,8442.16,11928.78,14564.28,12020.54
117,1,10957.16,13042.14,12187.14,13221.6,8440.16,11930.06,14559.12,12022.46
118,1,10927.18,13006.46,12188.68,13199.86,8334.16,11923.14,14569.64,11967.5
119,1,10881.24,12991.64,12197.12,13188.98,8371.78,11949.7,14569.72,11975.62
120,1,10789.26,12913.28,12159.94,13113.16,8267.44,11880.52,14561.18,11834.26
121,1,10848.28,12902.02,12146.04,13057.66,8190.26,11870.2,14557.22,11803.48
122,1,10822.76,12948.12,12153.02,13078.74,8222.18,11875.14,14562.92,11852.44
123,1,10760.38,12903.72,12165.88,13072.04,8242.06,11878.2,14559.86,11850.06
124,1,10718.54,12882.04,12145.28,13064.7,8316.1,11867.72,14552.48,11805.32
125,1,10690.98,12869.48,12146.44,13030.42,8319.7,11793.72,14545.72,11737.78
126,1,10673.8,12877.24,12173.06,13055.8,8332.96,11781.08,14548.26,11818.62
127,1,10673.8,12877.24,12173.06,13055.8,8332.96,11781.08,14548.26,11818.62
128,1,10740.52,12848.96,12126.92,13038.02,8287.72,11768.24,14541.06,11806.7
129,1,10740.52,12848.96,12126.92,13038.02,8287.72,11768.24,14541.06,11806.7
130,1,10809.42,12852.02,12109.42,13022.3,8253.04,11763.26,14541.16,11817.26
131,1,10809.42,12852.02,12109.42,13022.3,8253.04,11763.26,14541.16,11817.26
132,1,10919.64,12855.84,12137.86,13045.52,8228.26,11809.1,14551.86,11852.14
133,1,10919.64,12855.84,12137.86,13045.52,8228.26,11809.1,14551.86,11852.14
134,1,10856.3,12874.9,12143.42,13039.26,8331.68,11776.76,14553.22,11849.82
135,1,10856.3,12874.9,12143.42,13039.26,8331.68,11776.76,14553.22,11849.82
136,1,10960.14,12899.9,12133.78,13061.96,8299.16,11797.2,14557.14,11899.62
137,1,10972.58,12893.16,12143.24,13066.42,8317.34,11797.04,14565.1,11891.74
138,1,10972.58,12893.16,12143.24,13066.42,8317.34,11797.04,14565.1,11891.74
139,1,11049.02,12898.38,12148.28,13057.82,8317.88,11823.24,14568.18,11900.88
140,1,11049.02,12898.38,12148.28,13057.82,8317.88,11823.24,14568.18,11900.88
141,1,10935.46,12903.1,12156.12,13052.84,8340.62,11820.76,14571.46,11925.1
142,1,10935.46,12903.1,12156.12,13052.84,8340.62,11820.76,14571.46,11925.1
143,1,10856.36,12891.86,12153.92,13049.88,8294.9,11825.72,14568.64,11894.56
144,1,10856.36,12891.86,12153.92,13049.88,8294.9,11825.72,14568.64,11894.56
145,1,10971.2,12892.76,12159.64,13023.04,8271.36,11812.02,14563.78,11890.18
146,1,10971.2,12892.76,12159.64,13023.04,8271.36,11812.02,14563.78,11890.18
147,1,11101.3,12888.76,12154.38,13041.86,8289.06,11903.68,14564.56,11938.66
148,1,11101.3,12888.76,12154.38,13041.86,8289.06,11903.68,14564.56,11938.66
149,1,11007.64,12884.98,12157.7,13035,8328.46,11895.74,14562.76,11916
150,1,11007.64,12884.98,12157.7,13035,8328.46,11895.74,14562.76,11916
151,1,11066.68,12892.96,12148.9,13025.26,8348.52,11856.1,14561.58,11894.9
152,1,11066.68,12892.96,12148.9,13025.26,8348.52,11856.1,14561.58,11894.9
153,1,11102.58,12920.58,12171.78,13034.06,8419,11829.8,14565.52,11929.78
154,1,11102.58,12920.58,12171.78,13034.06,8419,11829.8,14565.52,11929.78
155,1,11124.56,12915.62,12174.8,13015.8,8426.8,11829.02,14567.58,11901.94
156,1,11124.56,12915.62,12174.8,13015.8,8426.8,11829.02,14567.58,11901.94
157,1,11147.84,12874.24,12145.78,13013.68,8442.88,11870.38,14562.74,11892.16
158,1,11147.84,12874.24,12145.78,13013.68,8442.88,11870.38,14562.74,11892.16
159,1,11039.7,12908.2,12169.78,13020.06,8429.32,11908.34,14568.5,11897.4
160,1,11039.7,12908.2,12169.78,13020.06,8429.32,11908.34,14568.5,11897.4
161,1,10993.16,12858.22,12157.46,13004.92,8339.98,11887.58,14562.04,11839.64
162,1,10993.16,12858.22,12157.46,13004.92,8339.98,11887.58,14562.04,11839.64
163,1,11017.3,12869,12178.24,13011.9,8376.22,11915.7,14563.46,11852.16
164,1,11017.3,12869,12178.24,13011.9,8376.22,11915.7,14563.46,11852.16
165,1,10977.36,12871.54,12184.44,12998.68,8380.6,11906.28,14558.18,11833.26
166,1,10977.36,12871.54,12184.44,12998.68,8380.6,11906.28,14558.18,11833.26
167,1,11059.74,12929.9,12231.3,12999.96,8432.12,11889.5,14549.76,11836.38
168,1,11059.74,12929.9,12231.3,12999.96,8432.12,11889.5,14549.76,11836.38
169,1,11227.46,13010.54,12250.66,13037.44,8512.12,11925.76,14554.84,11937.18
170,1,11227.46,13010.54,12250.66,13037.44,8512.12,11925.76,14554.84,11937.18
171,1,11203.14,12998.32,12247.48,13047.2,8532.3,11957.3,14553.82,11929.96
172,1,11203.14,12998.32,12247.48,13047.2,8532.3,11957.3,14553.82,11929.96
173,1,11208.2,12997.14,12208.16,13028.74,8455.7,11907.18,14557.84,11871.54
174,1,11208.2,12997.14,12208.16,13028.74,8455.7,11907.18,14557.84,11871.54
175,1,11116.48,12948.52,12196.28,13033.28,8457.74,11916.86,14562.14,11856.92
176,1,11116.48,12948.52,12196.28,13033.28,8457.74,11916.86,14562.14,11856.92
177,1,10765.56,12882.52,12166.94,12989.52,8203.02,11905.42,14542.04,11793.72
178,1,10765.56,12882.52,12166.94,12989.52,8203.02,11905.42,14542.04,11793.72
179,1,10698.24,12828.58,12172.08,12972.02,8117.42,11972.88,14532.74,11792.82
180,1,10698.24,12828.58,12172.08,12972.02,8117.42,11972.88,14532.74,11792.82
181,1,10605.7,12835.86,12185.6,12934.54,8137.54,11980.36,14533.54,11768.36
182,1,10605.7,12835.86,12185.6,12934.54,8137.54,11980.36,14533.54,11768.36
183,1,10690.36,12865.04,12198.94,12894.74,8209.06,11975.2,14537.08,11767.08
184,1,10690.36,12865.04,12198.94,12894.74,8209.06,11975.2,14537.08,11767.08
185,1,10636.08,12881.58,12214.72,12908.58,8363.16,12005.8,14540.88,11775.72
186,1,10636.08,12881.58,12214.72,12908.58,8363.16,12005.8,14540.88,11775.72
187,1,10583.28,12867.18,12194.68,12887.54,8381.4,11993.26,14537.58,11763.56
188,1,10583.28,12867.18,12194.68,12887.54,8381.4,11993.26,14537.58,11763.56
189,1,10670.8,12869.72,12203.96,12844.74,8375.76,11996.92,14535.54,11766.54
190,1,10670.8,12869.72,12203.96,12844.74,8375.76,11996.92,14535.54,11766.54
191,1,10701.82,12871.08,12218.5,12869.68,8379.02,11996.76,14541.8,11787.08
192,1,10701.82,12871.08,12218.5,12869.68,8379.02,11996.76,14541.8,11787.08
193,1,10695.78,12848.4,12231.86,12847.16,8390.8,11973.2,14545.6,11800.84
194,1,10695.78,12848.4,12231.86,12847.16,8390.8,11973.2,14545.6,11800.84
195,1,10819.56,12898.28,12241.38,12882.56,8434.2,12008.34,14548.94,11800.04
196,1,10819.56,12898.28,12241.38,12882.56,8434.2,12008.34,14548.94,11800.04
197,1,10834.94,12852.04,12228.38,12855.62,8283.92,12004.34,14541.88,11761.78
198,1,10834.94,12852.04,12228.38,12855.62,8283.92,12004.34,14541.88,11761.78
199,1,10821.74,12851.68,12228.34,12825.06,8227.18,12000.34,14545.86,11744.36
200,1,10821.74,12851.68,12228.34,12825.06,8227.18,12000.34,14545.86,11744.36
201,1,10871.82,12908.42,12261.68,12823.14,8412.42,12033.3,14548.44,11795.4
202,1,10871.82,12908.42,12261.68,12823.14,8412.42,12033.3,14548.44,11795.4
203,1,10935.32,12928.6,12269.64,12835.54,8334.86,12085.26,14555.22,11831.4
204,1,10935.32,12928.6,12269.64,12835.54,8334.86,12085.26,14555.22,11831.4
205,1,10958.82,12944.5,12267.74,12882.1,8312.68,12119.32,14560.2,11844.72
206,1,10958.82,12944.5,12267.74,12882.1,8312.68,12119.32,14560.2,11844.72
207,1,10958.82,12944.5,12267.74,12882.1,8312.68,12119.32,14560.2,11844.72
208,2,23.9,1708.02,114.04,6081.08,24.46,21.72,5404.46,4200.34
209,2,26.46,2167.32,125.16,6147.42,25.3,29.12,5483.48,4224.3
210,2,23.38,2450.36,129.38,6140.74,22.82,25.18,5579,4251.96
211,2,20.26,2384.94,119.98,6114.1,18.42,22.46,5464.36,4238.96
212,2,23.02,2490.56,123.7,6163.92,18.86,19.96,5441.34,4218.74
213,2,27.16,2640.32,127.86,6204.84,22.16,24,5275.14,4156.9
214,2,24.98,4201.14,155.4,6818.42,19.24,23.92,6311.22,4608.98
215,2,21.22,5082.98,174.36,7481.16,19.9,21.76,7226.18,4510.64
216,2,16.34,5574.54,183.6,7532.76,18.16,19.14,7543.18,4491.72
217,2,22.18,5532.9,183.96,7660.76,20.08,23.08,7729.88,4381.32
218,2,24.3,5602.64,186.7,7676.34,25.5,21.02,7775.72,4561.46
219,2,20.08,5515.46,182.06,7710.28,21.16,19.86,7816.48,4701.16
220,2,18.62,5475.54,181.32,7774.78,15.12,18.42,7785.66,4747.2
221,2,18.84,5425.2,185.54,7674.14,19.9,17.1,7566.1,4748.04
222,2,22.68,5330.74,179.04,7711.3,23.44,24.24,7344.52,4754.44
223,2,24.32,5403.42,174.16,7515.38,17.06,21.72,7145.5,4745.9
224,2,20.1,5798.34,184.44,7762.08,22.12,21.12,7360.62,4859.92
225,2,17.94,5923.8,184.02,7758.04,17.18,18.08,7630.08,4964.64
226,2,22,5788.88,180.58,7778.96,17.88,20.34,7788.14,4925.86
227,2,15.06,5211.62,171.96,7448.14,16.36,22.98,7516.78,4614.96
228,2,25.22,5109.6,175.54,7604.06,16.62,24.8,7352.74,4470.98
229,2,15.32,4710.28,169.3,7512.26,23.34,21.62,6696.5,4422.54
230,2,24.7,4967.36,173.72,7697.96,23.28,18.94,7089.12,4546.52
231,2,26.78,4740.54,172.06,7624.92,20.2,21.72,6792.32,4526.94
232,2,25.36,4583.44,167.3,7618.94,20.06,27.24,6784.56,4505.14
233,2,20.7,4661.34,167.8,7568.62,17.32,26.08,6681.52,4488.14
234,2,16.82,4612.48,165.96,7616.24,20.06,20.54,6729.2,4507.32
235,2,25.96,4750.62,175.18,7701.08,23.9,26.58,6751.7,4461.7
236,2,19.5,4909.52,174.52,7734.8,24.38,26.82,6992.12,4509.28
237,2,20.22,5003.2,173.58,7765.1,24.02,24.76,7310.34,4488.28
238,2,21.2,5015.26,175.56,7720.42,17.36,19.56,7103.14,4507.44
239,2,23.82,5254.54,181.88,7717.8,19.58,22.3,7366.66,4521.68
240,2,22.92,5341.92,186.02,7749.3,20.06,22.64,7505.1,4525.82
241,2,29.56,5371.52,174.96,7765.66,23.48,28.94,7513.68,4516.76
242,2,20.62,5512.54,181.64,7752.74,21.22,21.22,7550.36,4544.04
243,2,20.02,5721.5,187.3,7784.12,18.6,20.72,7531.5,4549.56
244,2,21.98,5729.3,184.18,7803.68,24.7,32,7602.14,4503.48
245,2,25.5,5758.54,183.36,7883.64,24.84,24.2,7616.38,4522.68
246,2,23.8,5834.7,187.58,7905.7,18.14,19.58,7613.38,4501.24
247,2,21.6,5865.9,187.38,7906.78,14.62,27.08,7615.44,4559.26
248,2,23.98,5971.14,187.42,7955.12,22.3,27.44,7575.48,4576.88
249,2,27.12,6050.24,194.6,7991.94,21.18,29.72,7566.32,4591.08
250,2,22.3,5968.02,190.86,8019.94,20.88,22.06,7627.5,4594.12
251,2,19.22,5956.04,190.68,8010.58,17.5,21.92,7712.56,4620.86
252,2,20.44,6027.16,190.78,8064.7,24.1,23.9,7696.14,4656.04
253,2,26.04,6040.86,190,8043.76,23.72,26.34,7702.64,4672.96
254,2,24.14,6084.94,191.52,8003.66,22.3,19.86,7736.02,4680.74
255,2,21.62,5996.2,186.96,7955.28,21.88,29.48,7529.36,4556.14
256,2,17.38,5874.96,189.64,7970.46,19.38,23.38,7497.62,4538.48
257,2,28.34,5837.92,186.32,7978.48,20.66,22.7,7365.34,4424.7
258,2,19,5916.88,187.88,7957.04,19.34,21.36,7510.74,4504.1
259,2,19.66,5830.06,185.84,7963.28,15.46,20.82,7517.16,4540.44
260,2,18.64,5905.84,187.1,7994,23.62,20.6,7531.54,4564.68
261,2,18.74,5764.04,186.28,8016.3,21,25.9,7483.12,4556.68
262,2,24.32,5856.1,191.46,8016.2,25.9,26.92,7546.9,4626.24
263,2,17.8,5941.92,192.64,7996.96,21.16,18.8,7580.84,4684.28
264,2,17.8,5941.92,192.64,7996.96,21.16,18.8,7580.84,4684.28
265,2,20.94,5752.6,186.46,7987.6,21.82,20.8,7565.4,4707.82
266,2,20.94,5752.6,186.46,7987.6,21.82,20.8,7565.4,4707.82
267,2,24.26,5369.44,179.16,8005.84,22.34,30.06,7620.32,4687.56
268,2,24.26,5369.44,179.16,8005.84,22.34,30.06,7620.32,4687.56
269,2,23.16,5090.22,181.86,7932.58,22.78,24.3,7726.38,4570.1
270,2,22.3,4913.72,168.4,7716.64,24.78,20.54,7622.88,4109.28
271,2,22.3,4913.72,168.4,7716.64,24.78,20.54,7622.88,4109.28
272,2,17.6,5235.98,182.58,7810.34,21.76,20.88,7703.2,4293.94
273,2,17.6,5235.98,182.58,7810.34,21.76,20.88,7703.2,4293.94
274,2,23.8,5554.12,186.86,7879.18,17.98,27.66,7665.16,4511.86
275,2,23.8,5554.12,186.86,7879.18,17.98,27.66,7665.16,4511.86
276,2,18.46,5704.34,179.98,7933.06,20.4,23.52,7818.08,4637.56
277,2,18.46,5704.34,179.98,7933.06,20.4,23.52,7818.08,4637.56
278,2,24.8,5475.96,183.38,7945.8,18.34,20.56,7821.84,4525.18
279,2,24.8,5475.96,183.38,7945.8,18.34,20.56,7821.84,4525.18
280,2,18.82,5462.8,186.74,7995.64,21.36,22.34,7876.94,4612.64
281,2,18.82,5462.8,186.74,7995.64,21.36,22.34,7876.94,4612.64
282,2,17.6,5651.6,185.5,8017.82,19.96,17.34,7948.42,4687.32
283,2,17.6,5651.6,185.5,8017.82,19.96,17.34,7948.42,4687.32
284,2,27.62,5761.6,189.8,8091.52,16.92,21.18,8008.38,4713.8
285,2,26.86,5807.14,188.58,8102.18,16.58,18.88,8022.44,4725.9
286,2,26.86,5807.14,188.58,8102.18,16.58,18.88,8022.44,4725.9
287,2,24.62,5845.46,194.94,8144.52,18.64,19.46,8034.92,4732.04
288,2,24.62,5845.46,194.94,8144.52,18.64,19.46,8034.92,4732.04
289,2,21.58,5867.2,186.92,8114.32,20.4,20.36,8049.28,4758.66
290,2,21.58,5867.2,186.92,8114.32,20.4,20.36,8049.28,4758.66
291,2,27.82,5949.46,196.02,8129.14,20.7,25.42,8063.66,4874.6
292,2,27.82,5949.46,196.02,8129.14,20.7,25.42,8063.66,4874.6
293,2,20.88,5920.7,193.16,8117.4,29.4,19.48,8083.14,4878.84
294,2,20.88,5920.7,193.16,8117.4,29.4,19.48,8083.14,4878.84
295,2,18.94,5884.72,185.5,8131.92,15,21.46,8102.76,4860.68
296,2,18.94,5884.72,185.5,8131.92,15,21.46,8102.76,4860.68
297,2,28.3,5996.24,193.44,8273.9,21.3,26.12,8141.56,4765.94
298,2,21.88,6052.14,202.76,8431.18,19.78,20.04,8116.96,4792.6
299,2,21.88,6052.14,202.76,8431.18,19.78,20.04,8116.96,4792.6
300,2,25.4,6218.58,196.14,8457.26,16.56,19.26,8156,4902.96
301,2,25.4,6218.58,196.14,8457.26,16.56,19.26,8156,4902.96
302,2,24.32,6184.04,200.52,8501.82,27,27.58,8195.92,4923.98
303,2,24.32,6184.04,200.52,8501.82,27,27.58,8195.92,4923.98
304,2,22.5,6200.14,194.96,8500.82,21.44,19.22,8217.96,4946.12
305,2,22.5,6200.14,194.96,8500.82,21.44,19.22,8217.96,4946.12
306,2,18.88,6158.72,201.6,8484.2,18.54,18.74,8233.84,4946.22
307,2,18.88,6158.72,201.6,8484.2,18.54,18.74,8233.84,4946.22
308,2,23.16,6508.3,205.1,8514.58,26.18,24.68,8261.1,4967.84
309,2,23.16,6508.3,205.1,8514.58,26.18,24.68,8261.1,4967.84
310,2,19.88,6394.98,204.9,8389.22,22.78,21.96,8281.84,4949.76
311,2,20.4,6411.66,198.74,8388.44,20.96,21.76,8322.68,4974.24
312,3,9524.82,12328.06,5269.58,11919.08,9289.78,8483.92,13751.92,12114.24
313,3,9548.3,12323.74,5341.62,11948.66,9369.44,8636.9,13737.64,12150.7
314,3,9812.36,12473.52,5747.3,12056.46,9636.64,9013.32,13866.2,12367.08
315,3,10906.1,12773.72,6036.14,12383.78,10325.82,9861.88,14059.74,12639.96
316,3,11175.08,12783.52,6344.14,12490.84,10605.4,10096.88,14066.76,12707.5
317,3,11047.5,12752.12,6269.6,12467.34,10636.38,9970.3,14036.36,12695.48
318,3,10943.48,12628.98,5699.28,12331.34,10547.14,9809.12,13993.06,12661.48
319,3,10929.28,12633.92,5557.86,12296.26,10522.02,9760.3,13991.76,12649.2
320,3,10975.64,12739.26,5732.72,12351.14,10499.52,9815.52,14005.78,12695.14
321,3,10933.46,12648.78,5602.6,12288.24,10422.78,9780.62,13991.76,12644.46
322,3,10916.28,12628.02,5655.3,12266.68,10337.84,9744.44,13986.7,12622.74
323,3,10807.9,12603.12,5620.08,12274.9,9996.64,9680.94,13995.34,12587.66
324,3,10627.58,12519.26,5517.52,12181.6,9689.98,9375.64,13981.56,12512.82
325,3,10726.08,12617.44,5478.5,12274.36,9687,9669.22,14002.26,12578.62
326,3,10871.68,12621.5,5420,12286.24,9735.84,9792.78,14007.16,12598.82
327,3,10910.92,12602.04,5363.58,12272.68,9695.56,9829.28,14010.08,12599.76
328,3,10958.02,12626.8,5335.96,12295.38,9816.24,9869.7,14016.62,12642.84
329,3,10972.34,12651.28,5375.82,12293.6,10096.84,9923.22,14019.72,12669.46
330,3,10961.2,12641.1,5374.32,12297.62,10029.92,9896.78,14010.84,12652.18
331,3,10962.06,12631.6,5281.44,12304.38,10044.12,9931.04,14019.28,12661.36
332,3,10953.22,12638.62,5250.46,12301.56,9807.38,9935.18,14022.42,12667.12
333,3,10914.5,12627.84,5251.54,12275,9781.34,9918.78,14020.3,12623.26
334,3,10760.18,12605.7,5024.8,12242.2,9742.42,9828.94,14016,12615.54
335,3,10798.64,12637.76,5026.5,12259.96,9823,9903.22,14027.52,12642.56
336,3,10693.74,12651.44,5124.12,12270.46,9757.12,9870.92,14032.7,12645.18
337,3,10744.3,12654.64,5141.98,12294.22,9849.66,9923.58,14033.2,12657.3
338,3,10874.1,12680.02,5175.92,12316.68,10098,9927.46,14042.48,12704
339,3,10826.88,12649.34,5161.52,12299.42,10086.22,9940.68,14025.16,12673.88
340,3,10818.28,12630.76,5115.2,12255.6,10105.3,9902.92,14009.18,12634.26
341,3,10819.88,12592.78,4906.38,12234.52,10170.1,9892.18,13978.54,12589.96
342,3,10890.04,12610.42,4929.54,12252.74,10214.36,9904.94,13990.74,12625.94
343,3,11010.06,12638.46,5060.12,12277.5,10249.86,9942.24,14014.18,12679.78
344,3,11139.12,12679.94,5132.04,12486.68,10377.86,10199.04,14055,12710.56
345,3,11238.32,12751.4,5479.12,12560.16,10464.48,10326.76,14088.16,12734.4
346,3,11386.84,12820.26,5501.38,12637.26,10523.66,10448.32,14138.34,12756.08
347,3,11599.98,12852.2,6432.92,12727.86,10648.02,10419.96,14204.6,12888.52
348,3,11859,12936.66,6359.14,12914.16,10780.18,10554.34,14212.74,12976.78
349,3,12004.98,12985.2,6202.66,12942.18,10785.98,10654.94,14223.04,13001.72
350,3,12004.98,12985.2,6202.66,12942.18,10785.98,10654.94,14223.04,13001.72
351,3,12069.54,13013.38,6339.78,12971.44,10857.18,10618.58,14247.38,13020.76
352,3,12069.54,13013.38,6339.78,12971.44,10857.18,10618.58,14247.38,13020.76
353,3,12130.12,13036.5,6344.1,12966.54,10972.24,10838.68,14251.2,13064.5
354,3,12130.12,13036.5,6344.1,12966.54,10972.24,10838.68,14251.2,13064.5
355,3,12202.34,13042.12,6602.84,12975.04,11001.5,10730.04,14257.68,13095.6
356,3,12202.34,13042.12,6602.84,12975.04,11001.5,10730.04,14257.68,13095.6
357,3,11991.04,12951.56,5730.04,12846.84,10662.84,10332.52,14188.68,12899.52
358,3,11991.04,12951.56,5730.04,12846.84,10662.84,10332.52,14188.68,12899.52
359,3,11642.12,12929.08,5517.4,12767.52,10624.46,10218.96,14162.7,12884.68
360,3,11642.12,12929.08,5517.4,12767.52,10624.46,10218.96,14162.7,12884.68
361,3,11711.6,12945.36,5794.5,12813.08,10674.54,10276.14,14188.6,12904.3
362,3,11711.6,12945.36,5794.5,12813.08,10674.54,10276.14,14188.6,12904.3
363,3,11682.98,12945.78,5807.3,12783.12,10650.78,10315,14172.7,12915.38
364,3,11682.98,12945.78,5807.3,12783.12,10650.78,10315,14172.7,12915.38
365,3,11720.18,12966.7,5832.52,12806.7,10668.64,10334.96,14180.68,12915.62
366,3,11720.18,12966.7,5832.52,12806.7,10668.64,10334.96,14180.68,12915.62
367,3,11755.58,12983.8,5836.12,12836.36,10695.8,10439.52,14189.26,12940.54
368,3,11755.58,12983.8,5836.12,12836.36,10695.8,10439.52,14189.26,12940.54
369,3,11772.3,12998.42,5791.76,12838.84,10700.46,10489.98,14195.84,12974.48
370,3,11772.3,12998.42,5791.76,12838.84,10700.46,10489.98,14195.84,12974.48
371,3,11782.78,12999.48,5558.18,12847.62,10721.06,10451.18,14203.06,12967.78
372,3,11782.78,12999.48,5558.18,12847.62,10721.06,10451.18,14203.06,12967.78
373,3,11756.26,12984.46,5610.44,12821.22,10702.36,10327.38,14186.8,12929.9
374,3,11756.26,12984.46,5610.44,12821.22,10702.36,10327.38,14186.8,12929.9
375,3,11749.68,12983.28,5813.82,12776.26,10670.8,10305.02,14172.9,12918.52
376,3,11749.68,12983.28,5813.82,12776.26,10670.8,10305.02,14172.9,12918.52
377,3,11828.08,13008.16,5738.6,12842.78,10732.84,10481.4,14210.14,12999.86
378,3,11828.08,13008.16,5738.6,12842.78,10732.84,10481.4,14210.14,12999.86
379,3,11801.9,13031.6,5563.2,12837.94,10740.48,10492.68,14205.44,13002.64
380,3,11801.9,13031.6,5563.2,12837.94,10740.48,10492.68,14205.44,13002.64
381,3,11783.9,12957.02,5327,12792.8,10709.72,10375.74,14182.46,12978.44
382,3,11783.9,12957.02,5327,12792.8,10709.72,10375.74,14182.46,12978.44
383,3,11802.3,12976.24,5452.9,12821.76,10740.88,10499.74,14194.26,12975.38
384,3,11802.3,12976.24,5452.9,12821.76,10740.88,10499.74,14194.26,12975.38
385,3,11776.64,12980.34,5516.58,12810.3,10729.8,10479.7,14188.52,12978.98
386,3,11776.64,12980.34,5516.58,12810.3,10729.8,10479.7,14188.52,12978.98
387,3,11795.66,12991.38,5580.66,12850.26,10739.86,10502.42,14198.74,13000.4
388,3,11795.66,12991.38,5580.66,12850.26,10739.86,10502.42,14198.74,13000.4
389,3,11754.48,12960.08,5595.56,12797.3,10669.46,10390.38,14196.48,12954.32
390,3,11754.48,12960.08,5595.56,12797.3,10669.46,10390.38,14196.48,12954.32
391,3,11699.68,12960.22,5436.98,12790.84,10655.66,10298.94,14174.32,12955.2
392,3,11699.68,12960.22,5436.98,12790.84,10655.66,10298.94,14174.32,12955.2
393,3,11709.5,12966.76,5582.9,12799.88,10665.26,10308.26,14189.56,12960.92
394,3,11709.5,12966.76,5582.9,12799.88,10665.26,10308.26,14189.56,12960.92
395,3,11697,12971.12,5567.66,12783.4,10682.18,10286.56,14175.4,12951.16
396,3,11697,12971.12,5567.66,12783.4,10682.18,10286.56,14175.4,12951.16
397,3,11711.86,12965.6,5503.42,12805.08,10675.72,10349.94,14188.74,12943.14
398,3,11711.86,12965.6,5503.42,12805.08,10675.72,10349.94,14188.74,12943.14
399,3,11670.26,12974.12,5472,12785.64,10569.04,10276.3,14168.22,12935.82
400,3,11670.26,12974.12,5472,12785.64,10569.04,10276.3,14168.22,12935.82
401,3,11528.44,12924.5,5164.1,12733,10351.48,10157.44,14150.64,12899.18
402,3,11528.44,12924.5,5164.1,12733,10351.48,10157.44,14150.64,12899.18
403,3,11402.1,12929.2,5099.1,12716.68,10340.24,10159.38,14145.48,12904.24
404,3,11402.1,12929.2,5099.1,12716.68,10340.24,10159.38,14145.48,12904.24
405,3,11174.78,12848.6,4922.2,12639.06,10199.1,9937.86,14106.4,12821.74
406,3,11174.78,12848.6,4922.2,12639.06,10199.1,9937.86,14106.4,12821.74
407,3,10909.48,12761.64,4899.6,12499.86,10036.12,9756.78,14080.48,12721.92
408,3,10909.48,12761.64,4899.6,12499.86,10036.12,9756.78,14080.48,12721.92
409,3,10804.06,12710.68,4873.12,12477.56,10125.18,9700.1,14056.04,12687.32
410,3,10880.02,12688.82,4793.26,12513.94,9934.68,9635.32,14076.84,12632.3
411,3,10880.02,12688.82,4793.26,12513.94,9934.68,9635.32,14076.84,12632.3
412,3,10923.24,12574.84,4778.1,12479.6,9801.38,9570.16,14080.6,12623.48
413,3,10923.24,12574.84,4778.1,12479.6,9801.38,9570.16,14080.6,12623.48
414,3,11039.12,12596.68,4772.16,12461.88,9945.4,9809.1,14097.94,12656.74
415,3,11039.12,12596.68,4772.16,12461.88,9945.4,9809.1,14097.94,12656.74
416,3,11039.12,12596.68,4772.16,12461.88,9945.4,9809.1,14097.94,12656.74